feature_1,target
-2.383878657506836,4.78339709593686
-2.015088565858767,5.783005324621038
3.1422574059428037,9.585314363134424
-4.080840578649031,17.75052486523452
1.00100525965654,-0.39297179300296214
2.285605268117946,5.652937686163399
-3.1209892663339653,8.852544349777236
-4.448533726669318,19.302563248628477
-2.250306320939619,5.088474920252055
1.5743301487559256,2.161440450347232
0.6226566278042798,0.6519569012950799
-3.499377366946639,12.993297385104595
-0.6736920919521285,1.1066431738486924
1.692972985745202,2.7786760475695673
-0.7721532672987221,-0.767209841784258
1.331843992741164,0.9691623144918964
4.674359524936767,21.65388075988931
1.8306482230962526,1.2294469441234823
-1.0837516691997386,1.9265982697139994
-3.127474302799019,9.541457322339184
-1.540393344282669,2.12149235650346
0.11065973569577103,0.9606217877413459
3.9120940950057914,15.972390714428604
2.755639424726894,7.814549605431686
-1.8185339938462564,2.305732299540953
4.242168965068242,18.30641910447456
-0.2909011458424251,0.4308010152091621
1.9375884220223005,2.869475559387624
-3.9279269154641194,16.471921698422893
-3.954564415670585,16.146466899894616
-2.980925524705497,6.916292617324511
3.8444967368829346,14.902104609573827
1.7981146148458365,1.96851817414865
3.492363236144346,13.332916121429474
1.4443626920551758,2.893211543743458
-0.9345760232446354,-0.230158406839584
0.1657819412499677,-0.857389047602947
0.9344351775590622,0.9750223858037863
3.621179849076281,12.874132681197624
-0.61813833840875,1.9072980855840005
3.9224010996664287,16.126204203843585
1.1371693840258725,1.0107269606940834
3.2935612580658145,11.424941694308467
-0.0194394508275213,-2.031901414264927
1.9251813182997344,4.016187795747158
-1.6097462535068994,3.4576900596813633
0.22828503923763854,-0.12683845193619858
-2.837766089809856,7.342702189167159
-3.9929639798152317,16.509594797475458
-4.613958700790311,23.247229620214085
2.0194947638598943,4.2832280354442345
-0.4356937911844394,-0.9308485834885869
3.977341470931755,17.265049964313025
3.3518320469227962,9.356230590390297
-1.1490486551918346,1.823517667329941
4.736787697052229,21.855203037784822
0.9206201107836467,1.7781398194684046
2.6588331421529805,6.21991930998807
-0.9280564152039306,2.1851365156539435
-3.038300880317281,9.531545329757225
-3.282229849181655,9.046192151419252
-3.187937737690132,8.189133991184091
1.0380551726243858,0.7614630287472833
-3.8736714488868174,16.299542122331488
-4.800892511625785,23.175598943427918
3.3299696418842046,11.15581851837422
-4.005888820673592,15.811241409929998
-0.49415464448237856,0.9820889825915149
-0.11501426916030599,0.39055507880536955
1.2027240838356237,1.7268910954805108
0.04014482401596631,-0.9831113344626354
4.373431437289682,20.314755845030675
2.503965943632757,7.632925859598073
0.7446649788296575,-0.7468275895296109
1.1727213670528327,3.6767705375872204
0.06551491606980164,0.7267987939811307
4.647618088753546,21.112347902527695
-2.733739366408633,5.568975017308743
1.8902713714856834,4.229972275888656
0.550966788978652,0.8610757759567715
-4.579882109313139,20.379688310876446
-2.038500002162663,2.3649289918327545
4.271669354015911,19.371635827922898
2.8456485742999984,7.509396855321925
-4.871689064696118,23.261609267840072
-2.0337367033725515,6.9817300531541795
-4.901946509534362,26.157051779285894
3.2746694297807792,11.677196605833876
-3.89632407690937,14.72592028843784
-4.425448212251806,20.234053153301137
4.818833431950987,20.939685867600677
-0.5413012058478621,0.39953969702987574
-1.8160700093632398,2.538291997126287
-4.509866104369079,19.053287135672473
-1.1040471570117791,-0.3638843393320843
-1.3396094273786172,2.3196950157967855
0.23480788055464163,0.14443511408396986
-4.9321453351851705,24.485781271388987
-3.5203711970978144,13.235389420612487
-2.9011347425159375,7.570499025567649
-0.5949548125130244,-0.8816132255365037
-1.976966336901337,2.1320305123228476
1.1332767649039885,0.9491196519445553
-2.1456739446070463,5.364072885118046
4.096330100844199,16.630496769806197
4.618699581980765,21.973514018941028
-4.405651345640975,18.22871006574332
-2.909402808450209,7.99550336994625
0.6302318325590779,-0.36874451861056806
2.7066022948397954,6.077318172196354
-4.359757686756188,20.866960624490574
-3.151973155701203,10.7870755465288
-0.4327987830931077,-0.5744857656302655
1.686907585501734,2.0796399938335215
4.033279269888116,16.210144815104027
3.6697296354155036,12.02486169427823
2.9375541541825765,9.06505157463975
-4.472678566234489,18.710614781690122
4.766364932921874,22.347801698916438
1.1462794915115682,0.28913404853205593
-4.1388418479855,16.650163552901198
-2.4507122461023467,4.6748333326310245
1.2075408456629084,-0.11466713308204701
-1.1435988311636045,0.34167740891190335
-0.5339652450945787,-0.3948909747010885
3.045850655987497,8.982316788876837
3.2403097741477858,10.568591064578525
0.4678698018030767,1.7457982612856433
2.9245110405444477,9.365016656828285
-0.9399507090694561,0.6306081337937487
4.744818373184103,23.23921972924236
1.051591654260359,0.4169477427691879
4.676979826868182,23.322631687548874
-4.560123079436029,21.344199462046042
3.8269265284270038,13.28952731930681
0.5937718754487653,1.1079505635476252
2.1363903095879717,5.380255907519172
-3.0740502462098,6.7641896265701
0.4869137599099318,-0.5110099446615055
-2.107220758780808,3.966556806618302
-3.9451952313329306,13.63605316153187
-4.968132293818829,23.615160996572914
4.068400198646039,15.603521988150288
1.7090431503582737,3.4279242951522777
-2.949782683334927,9.00168105663312
-2.421813224372562,8.49135312236442
-0.34405688478251584,-0.27588426341786504
3.1828725326947342,11.283908553223721
-3.8237439712152033,14.699864432785176
4.677848301637299,22.153190512101713
