x1,x2,x3,y
-3.121174657452981,3.8877915056110126,7.628534823961052,0
6.125103504223005,11.379919894945521,12.223941451939233,1
6.705811009942067,18.331862553404573,-9.479117819226984,1
-6.191714326952456,15.376722614600785,-8.299437867691495,1
6.15172193967549,16.937784105090444,-0.6194386864318511,0
6.151354788106721,13.834450700925064,-0.6208142941549203,0
2.737682623201834,14.537807854874902,-4.491184533966563,0
12.263978702021884,17.833108682871703,3.9222191513639024,1
-6.011332596597067,5.243028186042904,-8.459425295238935,1
4.331298535330614,10.27792423650595,-10.52979841075118,1
0.9459015873565432,4.645398278211647,-4.814349913828582,0
3.876325494629347,20.74102816792959,13.300211000228378,1
12.557533563832214,19.82524613341888,-0.10541768822888144,1
6.101199505074857,0.8279630387386239,2.801481596447875,0
6.360582514173915,14.817078622829458,0.9149288794690617,0
6.3609598134219025,19.430214665728982,1.011851645249558,0
2.052268727448701,3.792082247674004,7.296686257312455,0
-9.396398660042415,11.926849841605218,-2.233074835046022,1
-7.037741044741092,19.22525424934888,5.255271176194776,0
2.882116384798775,0.7128655503017757,6.877690378014073,0
-5.17591079615451,14.64582561218364,-9.111459248960887,1
5.830519196610463,6.244329154823566,-1.5267060507701953,0
2.825931963997683,19.412320102907138,6.910288735933452,0
-2.500886370858564,20.392223148472723,7.7728481898024855,0
-8.249399763801359,19.829596271382112,3.6250476870563917,0
10.886179526042275,9.95849854980674,-5.310716051867834,1
6.277758940968244,18.10289567077558,2.0184499160153515,0
-9.47304273137691,17.73553736923648,-1.278549151569226,1
-6.63121379403564,6.7011099381083685,-7.875898390620563,1
2.183335015255181,17.407224957164225,-4.6644762243872595,0
-5.520018655466506,0.777160329025345,-8.85939295479881,1
6.315365063286432,12.521667448123114,0.22970057553895812,0
3.0643005663144445,4.830185583041764,-4.355555194015136,0
6.326886282762691,2.531904601322855,12.101286199063791,1
4.396429271364395,1.6160172342133923,13.094940410418562,1
11.99237279240087,14.622064293440936,-2.871462759187467,1
2.027642724951142,7.137374239129389,7.307201698934177,0
4.483401076664929,15.220102202103991,-3.410129178042158,0
1.8393966683365597,1.3724831567777898,-11.008520203789427,1
-7.488176440105005,6.621097094442817,4.737058496732815,0
5.351583337316171,11.329317139882082,-2.3938064101839336,0
-9.369632841152796,16.605186461618235,0.4262047915993173,0
1.603920248173707,6.693802561573468,-4.774275144030064,0
10.019430804271156,13.143718905177192,8.719900177628457,1
4.621486839679433,18.60553271295993,5.457418885209878,0
-0.42785135860414536,12.933126951828395,-10.948157429932085,1
1.5482271003330246,4.892148969826309,7.4918957406787134,0
-9.442468911861816,0.5124164126872984,-1.8075217483616957,1
-8.924402453458978,18.272076351919527,-4.203986448323435,1
6.360004084032528,0.4466576278581299,1.10101063940844,0
3.916207927891017,18.368735126368186,13.285326860705572,1
10.25474885085895,11.107679814571451,-6.266473804345655,1
7.323552812908504,19.72042166877082,11.420504403480376,1
10.999201330518366,16.774447951246973,7.199531781130899,1
-6.246570609715445,20.956616321200087,-8.24926402696082,1
8.999531705039738,7.364948124485913,9.929309228607776,1
4.107893234826587,16.110954067553664,-3.7266459403788597,0
6.310694167473352,8.440549185794085,1.7894045714940772,0
2.124654297870594,10.077388026382085,-4.6788383416127655,0
0.586153204445978,13.177614727585771,7.756438876647681,0
-4.17331933090701,18.347219397913115,7.261807547163064,0
4.009454308046451,20.665752853185197,6.064171136443006,0
12.5113102219179,16.13374169115488,-0.5422618438198655,1
-1.7678789981997154,8.77310242551401,7.87880342135696,0
3.4888286364100787,8.848497047818475,6.480713886587403,0
-9.042216489703755,15.489228333366722,-3.848606152328861,1
5.863656147135162,5.014320061134349,-1.4512079495913144,0
11.748258913703628,2.319956375759288,-3.5500583264796655,1
3.499299235148653,7.447065310456307,-4.132464454107713,0
1.7275007113244534,6.032018824735716,13.906694220204301,1
10.057571352910633,6.222470529575792,-6.528425038148742,1
6.287108048716743,4.905762772048108,1.9589947162150516,0
0.24785172916822445,0.8839569823635995,-4.757982564037543,0
12.222472677913165,0.37535262940169,-2.078431263608343,1
4.2061806669609965,20.74217018445666,-10.568072974260248,1
6.42075151505966,8.98323580845311,-9.640674836032462,1
9.989535929970263,8.070859590353315,-6.6154436166265125,1
3.4764880155945437,14.272592936554467,-4.14545106491975,0
-1.8985864662608432,4.583331645166347,7.864935155753469,0
5.151829114815964,19.94918486295473,-2.6739585637439927,0
12.344579543801224,16.51324530272659,3.55744379524804,1
-4.207763066491517,1.8776310485574497,-9.714721528642615,1
0.17972389845348816,8.769196291483496,7.828966768549188,0
2.994766172934636,18.461484458805458,-4.386624715649009,0
1.5982109625169014,19.839372468119617,7.474368830114152,0
0.5967930556758544,9.815431736247264,7.754237862882132,0
6.478231621805666,12.881639173424862,-9.608953852910135,1
-2.9045849673860555,3.50771286793358,-10.320275464205727,1
11.424416444808323,20.814541148876508,6.357411781136742,1
-8.850528100625565,4.865105729052312,2.372144249252211,0
5.274225347451892,19.79736725683764,-2.5065421002709094,0
4.859964052347465,13.642579628839737,-10.350361069723428,1
9.211505593922602,12.762472692456042,-7.506317493077475,1
-8.380098626972778,10.766458731346681,-5.460768365307866,1
9.968215267873816,4.844066046072933,-6.642375044903858,1
-9.350294107503197,3.7070886721156735,0.5473836714085705,0
-9.418640473991303,4.630210390473683,-2.049416426091699,1
-6.781414691842718,3.915203505029345,5.516581684897906,0
1.175023345433558,16.37127394490182,-4.810531589364859,0
4.872471651766278,7.352630442501332,-3.0138398648472453,0
1.4620125957191177,1.2146962078313237,-4.790471160062062,0
-3.012942180802147,20.351155232957037,-10.277897936407555,1
1.3654449032716711,18.55950358423194,7.552687818091519,0
-9.474560276964562,19.48279794709947,-0.7669941535539055,1
10.149551576719073,20.893064275575142,8.54244684537258,1
5.026724880095062,3.651800233609233,4.96010590712333,0
-5.697350119052918,8.321082396955834,6.415550966366738,0
8.793519121834091,15.923007989785917,-7.918383056202269,1
5.7243848838202895,14.616432979129637,3.7962209943652327,0
3.6081794070971442,3.2318140331369563,-4.068400147184933,0
2.9720575653228143,17.132495624802974,6.824117359985827,0
6.223658577400138,4.713252008569874,-0.3196881674973129,0
8.288972634918117,4.7001699112750845,10.623432479339565,1
11.982299356598459,11.276462880761684,-2.9021429647669854,1
-3.2942002079114943,12.451738631675767,-10.161449271872945,1
12.100130756332772,12.181810364594035,4.545421279745653,1
11.809839275505867,1.9212235853528523,-3.390226912790594,1
6.357256582611965,18.426678115237987,1.20671363147684,0
11.132459075833744,5.577600894362828,6.951432461556902,1
-9.129869706688854,2.7198133469388877,-3.5494602306563605,1
11.957226702705471,18.66370967724852,-2.9773518555470675,1
10.922547640337028,20.06868146282482,7.336687482292886,1
1.110001428507965,18.104679962574462,7.629174554980152,0
4.950357453709177,16.99983756922244,-2.9243642846486986,0
5.748257337904433,13.760081593419457,3.745096021242011,0
-6.755676632729859,11.568004782791926,5.541635216720539,0
12.292759933815505,1.826721958139613,-1.7871907281214325,1
12.399420944766886,8.577517474484672,3.2747984740880316,1
0.31283571644892705,7.826458857258594,-4.767658743009605,0
-9.477242627516373,5.4548294589668505,-0.9632553609303444,1
-6.156664186490734,15.191822387460284,6.0708840089695935,0
5.897579981157402,10.413390436654186,3.3964954725000682,0
5.282923671054256,1.7019705340606066,-2.4941478295775217,0
-0.31849245154412464,4.623847240946038,7.887909693905225,0
6.969186453272813,14.348434036851515,11.677587861902849,1
0.7396321628748155,1.598748049296304,7.72316915429508,0
-9.451694310621297,17.875345195024142,-1.6915926891069901,1
3.809048960440436,10.39807706729346,-10.679214424162748,1
-2.2926693324012626,10.092318123859608,7.809955715473414,0
3.645684867320514,12.440563477849869,13.383561100226013,1
4.777037653005392,17.318300284428133,12.928945999865718,1
4.925259515289693,7.303993365946054,5.0935690473833,0
-9.395685648540585,14.238339203740335,0.24370562842596946,1
2.2729878824234326,11.880371243911613,7.197731821489484,0
3.2641891637552387,5.607593673557847,6.637763166513352,0
1.7239078929644602,18.451229713458318,-4.757325834854717,0
-5.360162545315216,16.74594645374549,-8.97918813492448,1
-9.447015019519329,13.827488527826935,-0.23858026519036582,1
2.4239564688133832,17.86221631097908,-4.597729296725918,0
3.617129936767916,18.21317822015585,6.385215829127596,0
10.098036515298855,14.875622511015731,8.613442461856131,1
5.388936082481144,17.577279895637112,4.420763288631816,0
5.950483277866649,14.646900695054956,-1.2384357401105404,0
-9.279336477855805,14.28295620696631,0.925466405702101,0
1.8878711732037259,12.99083894251887,13.87407166430185,1
5.301384942156312,15.807049430710466,4.561495770905902,0
0.5691493322857296,3.3307072111545475,-11.032446197831431,1
9.276398151169358,18.498285943177496,-7.438552602633997,1
5.453994395048334,18.30871408264987,4.311058265017372,0
6.344633862061609,0.6141929437257421,-9.682028359072689,1
-2.6090520182777865,17.342151761860016,7.751347086802391,0
-3.395876910693812,2.706267216942349,-10.117008615895582,1
-3.282500067351688,7.03749593944198,-10.16648229366561,1
-9.212301671323825,15.613673382123764,-3.2294110487468655,1
4.183162571124939,3.375957817014472,-3.6676987738928952,0
12.582762258555517,17.177307506500306,0.23354925544320707,1
0.913087104317222,17.47481773711258,7.681592297883374,0
6.357364739423455,10.656822408977561,1.2035345543440268,0
1.9107840661098217,0.13410330605350518,-4.724945367245503,0
-6.7340831707932916,6.027800796673168,-7.76915687553765,1
1.1378833247675244,12.955465285890586,-11.03979615775715,1
0.7580632107181974,20.60490973857589,-4.809348083621113,0
-9.476864421747973,13.268084067350037,-1.0848212426360127,1
5.787066705858621,5.455875202347356,3.659522968334525,0
-2.171468907424649,13.314119765091839,-10.572301365493377,1
6.339025882544649,11.339692974032966,0.4608231313987506,0
2.545224689494913,16.376753298174016,-10.931938293417733,1
-4.0308917664551505,2.2465934153661267,7.320935952860909,0
7.60440785774931,15.981585952542588,11.203923480978895,1
5.783227708638186,11.366598152198316,-1.6298065940236361,0
-0.5772141521320504,20.222832081038888,7.905820039505667,0
5.070351083017935,7.179315486812408,-2.778731587606121,0
8.749859004156994,13.285059755812911,10.185067623994412,1
11.880556511093074,19.572590215710367,5.2308498994718855,1
4.659309201366179,2.1527042878042644,5.414743950853519,0
-0.6881037372724775,19.681798231965473,-10.910915757051557,1
12.271683422022374,14.44560016831708,-1.8778340478881514,1
-8.629228385360499,1.4245782412086099,-4.943693545569369,1
-9.327774444222907,6.320234905883141,-2.676689468559993,1
5.308649075941359,14.871613861550912,4.550100662766795,0
4.299309706486898,1.4143626308442057,-3.572463022504292,0
10.852917488103339,12.225579663701739,7.4580300449972725,1
10.64726544856345,7.2635441960120914,7.799971301847266,1
-3.322251475284287,13.039225873117019,-10.149314798438368,1
-0.42434184483709403,0.9605827100627699,7.896275745739008,0
-1.193117004500467,18.3022729291999,7.914181687576107,0
6.125625430812664,20.443268352725337,-9.796935722411154,1
10.859507587319404,20.34643496099952,7.446673046035226,1
11.43093600041245,15.742688466601418,6.343228598374645,1
10.563663364141863,2.7318110427432716,-5.823569011061985,1
-2.4766483139493953,15.923527114509474,-10.47458249115429,1
3.9223805205584847,0.5163252456348317,-3.863190941087291,0
6.2286758436386265,0.46459458210894233,-0.29596985243918406,0
10.768283218632867,6.795814602140366,7.601611029206944,1
-5.607223252278602,10.26150699849798,-8.791988729990122,1
0.41546340964937345,16.17855577396366,-4.781051647856379,0
4.6318723930387815,14.34920290873661,-3.2680763513948037,0
-0.3270427733039806,9.363956833911715,-10.960867878515103,1
0.22699081981069572,5.7461599919149835,-4.7546780377463564,0
6.218477583410466,20.939614503311933,-0.3437097522562524,0
-8.859704255554718,8.949807346955431,-4.381864822816919,1
2.6458932978106446,9.479127510923185,-10.91729576183845,1
-1.4999124996374447,3.436100245025053,-10.75287205628854,1
5.844611413994616,16.691000523748517,3.5264501184412245,0
4.7515980350306375,14.56732674141126,-10.389512672361397,1
5.46686060462188,4.636161868563969,4.28880194064095,0
0.5811309734316147,1.7300019579326966,7.757472375277993,0
8.027837430260202,14.290485343568974,-8.577126067614435,1
-1.7319886623073137,13.74473549990384,-10.695709167966454,1
12.573797470659471,5.738450066962396,1.897262867365962,1
-0.9298397747175614,19.96813480725862,-10.870548858531665,1
-8.053090870711515,3.172215727398905,-6.043497088817833,1
4.322671043887037,9.07903082189464,-3.552656710089768,0
-2.6039306937543705,19.815934323519578,7.752399603845058,0
4.31914054409368,8.814273655448568,5.775463997611265,0
5.230948273787514,13.409044900945796,4.669522820267298,0
3.4934015397401383,8.34948235721868,13.4360786569669,1
-4.494394447141369,5.75851924932207,7.116914940921076,0
11.161793291289001,20.663530607156392,6.895047335270293,1
-3.5033477543709184,8.596014132615903,-10.068650705108945,1
11.407823210788983,18.776083277261822,-4.333857524571522,1
-9.44671350444808,4.82904672371281,-0.23483713452087093,1
-7.59828701223761,4.475198784526749,-6.7290421762120065,1
-9.331009440209312,0.6538157405747386,0.6591070778716224,0
6.3162966563445995,13.685003332893587,1.743500555235996,0
5.782275087495136,7.739053218198984,-9.965267911096165,1
3.4980019481413507,18.15152324663238,6.4740301898560535,0
1.1225835290979311,9.937408040522701,-4.812362924792904,0
-2.1421772039387927,20.332061986209155,-10.58115544463715,1
6.350727150750056,3.896035829765544,0.6271447262362404,0
7.224776035802031,18.241086527067825,11.493931016136603,1
5.764784826934162,16.308533908626575,12.431339608978137,1
9.58791082079104,16.18935873752509,9.267599276344342,1
-2.789545622087536,17.740447790454642,7.712048884374204,0
0.705198974502027,15.981503809802977,-4.806608136847315,0
8.418219803069979,13.150626754259724,10.504658699632765,1
-6.819453018132351,2.7561424313301393,5.479172487782794,0
4.272977691373957,0.6830497693162902,13.145878284804098,1
4.637570329843871,19.337804804129423,12.99136132840933,1
12.533179396621216,12.949656604935498,2.35120538552873,1
2.682988586044975,16.7272831104997,6.9903000308266225,0
-3.910188812914539,10.11196938176355,7.36864150460365,0
12.555322418817413,2.463471968210284,2.1266850778913455,1
1.1861334020486696,2.628901636253559,7.607393711555558,0
6.307582419887572,14.396871031808399,0.16804331254254004,0
-8.566652995510056,9.036423792888716,-5.080983372841657,1
7.6619665014019995,4.211019260707071,11.15806442161776,1
3.079845515724563,10.323485481570174,-10.84341473445024,1
-7.965218681949132,1.348387678577816,-6.185815235345706,1
4.463718516219746,12.221399440202374,-3.4281891724117304,0
-4.916699385865599,5.648861493137051,-9.28755883015185,1
1.31450726642698,16.74874111338095,13.981770408451899,1
5.844309046211594,6.517601137395049,-1.495631777771072,0
-9.454674402505189,9.559623130717824,-1.6497668428117398,1
11.879184406721873,0.24403133807011335,5.234753303658672,1
7.519091547069475,1.5213846436857366,-8.956124541443947,1
3.1830932441062276,8.242364684540382,-10.82324289955079,1
3.7534964586710515,10.078715529059593,-10.693523792409927,1
-1.976864863807904,12.600431510505379,7.855591663105431,0
2.7364092773917106,6.124914152895368,6.960882944938025,0
12.026813909370734,14.594619608657393,-2.7644459102897962,1
12.053031141712296,18.062570340973295,-2.6806499698750073,1
12.238436490376753,16.376870766760344,4.028303118959185,1
9.71745114544317,0.8319953323155,9.109316573173432,1
-9.477267665466643,10.090645892414408,-1.0169928929555594,1
-9.438104869740094,2.2035337467816722,-0.1348866924131032,1
11.575010478623032,5.082945333113077,-3.9676626938504205,1
-1.699099845527589,20.719914458610077,-10.704142060113831,1
3.6997338663131574,2.992406400931778,-10.707086049928195,1
11.456095463906387,10.476651222478477,-4.23136553965573,1
11.275808037404493,12.9812704206805,6.66926054156892,1
-0.34689644870302655,14.751764381426183,7.89029632515285,0
-3.19981060649587,11.752622353225195,7.606550000368468,0
4.335179851995776,0.20518779580285684,-3.541959276030933,0
-7.519966542399838,6.8556874731238295,-6.83575483519766,1
1.6785254071423514,10.87194451107894,-4.764088238735951,0
-8.62637185733747,1.8451964820415006,2.899252115070816,0
-9.04363532731094,7.363165555392796,-3.844031537075416,1
3.1642179911200445,0.6972652846186979,6.703726384712677,0
-6.738083560603389,1.6501484402554356,-7.764942913295989,1
1.4175342798131016,8.335388800233517,-4.794691567455224,0
1.7460708674313086,2.787030834904267,-4.753867470251203,0
12.401498105840897,11.91835781349272,-1.2587573196829769,1
-2.0302607985603793,14.47876435188258,7.848770956639356,0
5.502929416693878,16.81232068129074,-2.155170049503609,0
-9.423483293067846,4.203155129141012,-2.0049761666510957,1
9.89925541786597,3.517134227440465,-6.728406354980514,1
6.035354180550361,2.195924647022405,3.014820853566928,0
-4.243515521836992,13.36503524041637,-9.694963925040362,1
3.974288775951376,14.835990256224925,-3.8261963771600795,0
2.4336426026823856,0.6633090413384828,-4.594774457607485,0
-9.298949011400383,19.660457171117486,-2.8308221223910155,1
-9.097244826312608,1.0913969566809207,-3.664995758913171,1
-2.9166639915413373,11.367223041322479,-10.315618811178016,1
6.138825168595077,14.890270908469244,-9.79017918835381,1
3.1384062707503313,18.290351598667797,13.550895558700535,1
-9.465595824810201,14.995825574780984,-1.4657218032323804,1
0.7573428902819193,16.836289744465628,7.719118564394645,0
11.426372005153683,7.128454043398928,-4.29476679501339,1
4.036236463315001,17.111327388676756,6.0405213924926775,0
-7.4256435043986135,1.682411774078178,4.814061517287669,0
3.673818903984928,18.79114977727108,-4.028079962466191,0
1.1717701993107807,11.499439899228461,-4.810661700662824,0
4.7531757340282335,17.163253169212368,12.93975695099782,1
12.587398586926325,9.498683974884303,0.3140626063000157,1
3.0740210302120965,13.515131599127024,-10.844522797301495,1
-5.601559002798379,11.054455879658377,6.481553628704849,0
6.333273856473529,15.36337995686197,0.3961179638049902,0
6.15804180122576,1.7142296226423812,-0.5955551492368037,0
4.988402975611031,1.2673937638018398,5.011294936727451,0
-8.843408124237746,5.189167914213075,-4.425051529277958,1
4.996928183691563,3.350438282376955,-10.299092905013863,1
-0.6662874491836829,18.307454898436234,-10.91428405821574,1
3.5452409556237225,4.60349373451893,6.439263386674371,0
5.658458110598625,20.493170372201757,12.489788781964732,1
7.257133288906586,7.0748116271932435,-9.13513303294274,1
-8.661450332359475,3.824476229462685,-4.870759409430075,1
-5.1866383018838516,16.583668649992063,-9.103923572358424,1
-6.295582163650057,13.832863285518398,5.956760181335969,0
5.088538040616138,10.462110045515919,4.875426957554863,0
-1.7083059153842572,11.662634569690256,7.884406524182571,0
8.979102933282261,15.10323734371754,-7.740468062820745,1
0.655648328642263,4.797549567957273,-4.8035049616953405,0
5.158654843388807,20.923012237191582,-2.6649494362761765,0
2.1618579759453582,20.470656405082444,-4.669818972428269,0
1.908556766441248,13.656839413285674,-4.725374472810754,0
12.498124885049483,4.190391469512048,2.644868353675043,1
3.875341383162355,14.284793091057118,-10.66174403157604,1
-8.910730388186645,1.5161665885626927,2.212798314808116,0
4.489820971810119,0.6437025463219274,-3.404200642626349,0
-9.31659750967251,5.4113406587354875,0.7377197659787742,0
-8.889482906849807,9.715082091525643,2.2700723100279894,0
6.3327469286996045,18.233722613575992,0.3905458584996975,0
-7.145623804626179,15.270550465092468,5.138455452364051,0
-4.880449529236687,15.596836945199602,6.920386742142506,0
-4.846426627521402,8.935360023409583,-9.33337310186483,1
-3.136618779115447,7.264634843486221,-10.227851532356013,1
2.128336346540041,7.791814022676657,-4.677958989321854,0
-3.1266453399879226,20.740640838457214,7.627032677459851,0
-3.981062931570372,0.8422930196621321,-9.835854236645037,1
-9.450206640662808,18.20766141857142,-0.2794156986239925,1
12.481351069196242,12.152183580020262,2.768080650020212,1
-0.8198336767268088,9.2109238029814,-10.889612874277109,1
6.24414478926754,15.230410868717867,-0.21973173200893917,0
3.3186265014585126,10.220047769918759,-4.231317724491423,0
-2.4391922345430017,18.34188799971487,-10.487118986412977,1
1.2270231694003255,18.914739144236428,-4.808155675034859,0
-7.067503877543315,8.856139464342563,-7.400584007308992,1
7.248345964012933,5.813383741936083,11.47653654482141,1
-7.6780590873336285,12.439356900460607,-6.617253198452095,1
-4.136184546662508,19.15963025795051,7.277523122174238,0
-2.355016312836227,4.423905969118998,-10.514734594299554,1
-8.341229679293376,13.082298254833137,3.462461760314159,0
-8.957885600550203,13.262764621942932,-4.10749526113684,1
7.120421223054525,15.3953734707209,11.57000540052206,1
-3.9843196685734585,2.762921387672456,7.339601674371071,0
4.9255983746324015,15.03232425832386,12.860398344670124,1
10.309468479730075,19.089682933978462,8.315527889103038,1
6.312177957356794,3.7733452862750814,1.7775084943525903,0
3.263340043388154,4.9884098234014305,-4.259774898402895,0
4.6050957498023255,20.39929697487443,-3.294479271590145,0
0.8346663974059076,3.800516006899285,-4.812277556830544,0
4.353905440643193,17.942086960761163,-3.5258239153132998,0
1.7102765976538437,10.33783498540873,-11.017622367398156,1
3.3469232562968725,5.191852562466718,-4.216432797449361,0
1.0412907144875592,18.28574792672274,7.648102995081983,0
12.600231226129576,9.351410355055975,1.3760925687994308,1
1.0730365452814645,10.811164432523494,-4.813571704898029,0
12.193276419022192,7.54390075739508,-2.19106495478094,1
3.4365338762166524,12.451967880133475,6.518401728757157,0
5.227890992013989,3.434001324285478,-2.57142055081794,0
3.1539315657522735,8.212712269686975,-10.829042063357049,1
-3.7037469994187258,20.357658769041038,-9.974598590320186,1
11.875150794492484,5.420802086723678,5.246205222942994,1
6.995284923650819,13.791469955367136,-9.303863860917039,1
11.801981895808726,6.828991348718592,-3.4109967850113696,1
3.426270896593377,16.242935639418615,6.525716089766603,0
6.351836341997675,2.748346875085346,0.6471397493189294,0
8.382651506628234,20.36624194664944,-8.28607353797609,1
11.93451475474424,9.529580369056424,-3.0441196362731913,1
1.2554066383299929,4.957059730275743,13.991471256190701,1
-5.845515273307778,1.5434316939302657,6.309589441824105,0
-2.9305072639183054,3.5649160068383554,7.67835479718634,0
10.339975881502015,10.915252919676371,-6.148463474117475,1
-0.5574559671426578,7.077066705057012,7.904754710157245,0
8.188527562209396,17.4065506835348,10.71361971522777,1
12.446757315115827,9.048637996897925,2.9980572221726245,1
-6.867062671114306,5.222999724340228,5.431696219621767,0
8.404366024330287,12.960044718684632,-8.267493310775322,1
8.710876605724469,14.842321554594362,-7.995160545627497,1
4.695064480963717,3.507880065919947,-3.2043303782158774,0
10.5041703115153,3.520003542054671,8.024820890471352,1
-9.462674451142599,0.7700999656044024,-0.4688085126825535,1
12.475326134325833,15.46444231637845,-0.8095786618616571,1
0.965089008174706,13.939895080057907,7.668293621563235,0
10.957210824713815,9.967248390746091,7.275142397604124,1
-4.211641619172435,17.72757942835314,7.245366165598841,0
0.49091341577677794,16.919073211951115,-4.789438066963768,0
10.307242096284165,12.292441652331796,8.318757597781088,1
4.2245603362746325,18.233696890778432,-3.6343615576702106,0
1.0173410441172217,4.322665410772133,7.654539238083945,0
6.197353933581225,2.3503120073522856,12.180572907251262,1
6.13699264686001,5.664741841856782,12.216846659761687,1
-7.788857588727817,1.198823977875612,-6.4564418445685385,1
-3.4391027701167936,11.154560088021672,-10.097730879279373,1
-7.904300635950936,19.668719538194193,4.174417111802532,0
2.760065770852737,0.8262143540387026,6.947672405825116,0
0.34354608776249274,2.5643081942105628,7.802419717013157,0
0.6091586863074092,9.49617959395214,-11.033923740353208,1
8.530908313640706,19.611375368086,-8.157372037729601,1
11.24239217852185,6.63927820451176,-4.667632235291638,1
11.13727990540831,10.651930982456241,-4.867193889111708,1
4.221223923963182,0.873030040058234,-3.6370729106155117,0
-9.359234472750641,3.115207220203866,0.49263190379395466,0
2.7128793181641098,20.719232582135785,-4.500435355248386,0
-8.833311844285365,20.267492625156954,-4.451504359695639,1
-7.560130217019476,0.10373959962260193,4.646209778748348,0
11.398885080471285,19.98804749388802,6.412528963027852,1
-1.3228162502953178,13.421518694125508,7.909836001968278,0
5.191769540631231,18.226284184920466,-2.6207105329589355,0
5.909820768590873,9.549536968311042,-1.3409962541862774,0
9.267952106086046,10.827516600164255,-7.447433501534939,1
-4.64677917076543,10.265778185395323,-9.459231317119691,1
4.618421626597182,14.00414940846819,-3.281383836567929,0
3.920950437042769,2.9326763498825708,-3.864197190723346,0
3.595899925688235,0.629445387326237,-10.732486337406334,1
3.4185123378680147,6.466528773415009,-4.177792441554358,0
12.385472914096535,14.79829601746958,-1.3445235760675711,1
4.1427310705226885,4.2389224945819155,-10.586881175572719,1
3.801158697356096,14.142081099823264,-3.94607970009759,0
3.9524158588053075,20.36815296825268,-3.841897140256793,0
1.7596238172625716,1.9719150315777862,13.900316281279197,1
-3.100845804935138,14.124644482727652,7.634081036605401,0
-2.826224895958215,9.318754605395995,7.7035362383445305,0
12.141870393306483,18.230987341927612,-2.379550924321575,1
6.505466132218587,3.720145578395104,11.988678609848392,1
1.842449918824151,14.545144996749455,13.883509922863665,1
8.61458621117077,17.600421082610314,-8.08278481850398,1
-3.2507632405184212,19.83689860895449,7.591852210107372,0
3.8947677517061328,14.348208594082562,-3.8824987066404626,0
10.38822926699747,10.440670044176974,-6.080285799196655,1
-8.501792044921705,12.974792044225492,-5.217724288722096,1
-6.581924933763143,18.247004674053084,5.705488055057655,0
10.237649798928203,11.982804679415423,8.418691086694995,1
4.99099613613952,0.6381282536335741,-2.8761384165666226,0
-9.332681761583306,19.549922605646533,0.6497310821165491,0
0.5147185300420437,14.480061771662784,-4.791829376441449,0
-8.734067096011925,14.206781101322177,2.657484854767862,0
2.653450121716121,4.52917820035206,-4.522014696175168,0
5.249159369109826,13.836594874885801,-2.541875894725486,0
5.206935886317728,8.271152518737328,-2.6001489599674574,0
-1.77392224117472,13.675892517871334,-10.68479694436005,1
7.988807584586005,2.2384536364678054,-8.607749795637787,1
-7.2175095055950065,13.814751396663757,-7.222331495837307,1
4.809596392085868,20.987688241184,12.914106292473198,1
-3.146107057796067,1.0124528160716766,7.621655775797102,0
3.2131176580593817,20.520657868647664,6.67175377879538,0
12.192807076963758,8.545067175180282,4.2086843546217105,1
5.861421626082298,18.285822457082443,3.486037193346184,0
4.68492771321,16.430095165223744,12.970376008974696,1
0.5517332662389552,11.907341480720024,-4.795306190307314,0
3.880132517336691,15.507433394277857,13.298796258762957,1
2.0253826029194406,18.448826787328304,-4.701450889265029,0
11.212815598958109,8.486946754671692,6.795345762019865,1
-9.357626260334714,6.867696392828012,-2.5001226500334526,1
0.9322883180572727,14.019461096835279,14.039942580375413,1
3.46528751972246,16.96476478076643,-4.151773265097268,0
-8.680180042194035,16.00798783030893,-4.8276189394046805,1
3.950756649520279,16.754086626031324,13.272319911109514,1
-9.414893375460066,9.147249611071594,-2.0825490843947847,1
-3.6623427639909587,17.174518539675454,-9.994450274840085,1
3.0503893267790763,2.5243901627827774,-10.848985862279875,1
-8.183201887208872,11.43427105717784,3.737552261057589,0
-3.8289052237426007,0.12093187046055298,-9.913237879603727,1
-7.159104364050402,6.8163024279056765,-7.292722615549429,1
10.59820771423624,7.695692232299355,7.878194428508525,1
2.135168680027568,8.319626523794364,-4.676319550929281,0
3.4872048240442113,14.604811340487105,6.481894725806806,0
6.158680213951205,8.15972012667726,12.203862473487602,1
11.261623363072111,9.422566075073144,6.697950993718025,1
-8.231659656204126,4.988426748360877,3.655567656987908,0
-4.483011403137164,7.838287624216141,-9.557870019759132,1
3.687013555949746,4.772662172526181,6.331323604697125,0
6.3532581832998885,1.5371143991373164,1.3024525941832408,0
-8.556219822391915,12.672420461008937,3.0472143140404646,0
-1.5084501472775957,14.032468769655342,7.899929238223396,0
-7.199832830601954,13.009297266201905,-7.243772085713935,1
3.641784431819363,9.73337491981202,-4.047919995322612,0
3.3209363235896134,7.9755013837638264,13.493178045117848,1
1.8152659401832512,18.13000664100833,13.889083376752149,1
3.302961291816714,10.900717487860579,-10.798561374414042,1
-9.20532649727348,10.06281943022435,-3.2583375056494828,1
1.6974828586338198,0.5384833819351494,7.438388490069753,0
12.172883757035393,7.166204380149283,-2.267251714891945,1
1.891855754106282,7.984107994502998,-11.004390132661879,1
6.240469271831212,8.37527839883491,-0.23830059169316328,0
9.89750802241017,12.183619753773979,8.880737968148106,1
12.400151058101137,11.205653481264447,-1.2660971430331465,1
6.226293149062148,12.766006948662337,12.16303106906368,1
6.102627873723546,16.062548492384693,-9.808656269422368,1
-5.048277875228262,17.07270051303796,-9.199589191623298,1
-6.209707328007161,15.080584600756383,6.027880912704987,0
7.99909653161635,20.06599761505363,10.878853620494171,1
12.267113458077878,0.38288423620359424,3.908920570659856,1
2.1242406473905424,4.111337699354468,-4.678936947989988,0
1.2201467541819555,0.15882037454098452,-4.808501840492372,0
-3.2660974825936706,13.596968997246663,7.5873589080134005,0
12.068093388159221,18.858641527949725,-2.631534959309653,1
1.6769175045293756,5.113128228102285,13.916578930754946,1
6.058284947010198,19.46772544072244,-0.9351523469506848,0
-6.513180776322346,1.2656151960807778,-7.994658416236272,1
-3.5978519758207796,19.6231565629158,7.482111877328608,0
3.8757676721972487,7.384076432032323,13.300418187675886,1
12.605834925645375,2.1298373974335467,1.0461833268289156,1
12.599474280929007,10.203306942912839,0.5936252665967936,1
-8.735174362043457,5.392307922130667,2.654897095329474,0
-5.98959810234764,5.982330941200379,6.201862062572651,0
3.9014651642190383,6.453089263452018,6.157179496581311,0
2.6568723695669383,16.863543854485933,-4.52079436088261,0
12.303459738446147,11.322386810180344,3.7498274033668135,1
12.145078248945975,6.537461682276077,-2.3681243696089873,1
0.03760999060748409,12.817009449529285,14.134456036950192,1
0.44702711522119015,15.039164158687065,14.098384560598198,1
-8.620335716276717,5.725104015404209,-4.963545964238485,1
9.827216668344608,8.684531132032381,-6.816568751456413,1
6.772559289052234,2.5596079600758985,11.812879962483608,1
12.570064575095252,3.8041363402282866,1.9481034438664417,1
5.103483832261159,14.303474933264638,4.85454546909171,0
-8.002983845544723,3.810205301608166,4.026160883535972,0
5.563041429313534,11.028431057008264,-2.052746292024072,0
5.75091870199596,14.889971496171086,12.43903180433151,1
-5.626995196409993,2.2444153849896207,-8.776499264585116,1
5.728715831785632,11.913556612206975,3.787027628719469,0
0.5237339612460401,5.387818457728639,-11.030592308122936,1
-4.6544114123480265,20.221464379989175,-9.454534635012374,1
-1.8754558107811792,10.15445858111842,7.867547103715797,0
5.073246366416879,16.92584354527832,-2.775093471635164,0
0.5104241931716452,11.554757385281498,-11.030013370596958,1
-9.440579441707673,0.9116631899512024,-1.8292766918778773,1
10.062681118162933,13.296178887474468,-6.521822152259983,1
-9.44172221834672,19.979470186339796,-1.8161880597417064,1
12.543464279662267,12.633848223072954,2.2519558212239543,1
-8.751118949238798,17.202966047962594,-4.658871424547681,1
-8.394830377994246,18.568335730316562,-5.4322113327325905,1
11.908183572347541,4.789675210927582,5.1513905193232175,1
-5.228457482653423,4.45294163807276,6.720907157666087,0
5.694742860876582,12.830600765870827,-1.8099556178563985,0
1.3353990800908484,8.6315978659408,-4.801413276574466,0
8.759676121445331,17.63708736020113,-7.950002560915433,1
-4.467770745055253,18.900485591358233,-9.56684434594877,1
3.919079192505774,7.42184896535708,-10.649981636256408,1
6.089929303173327,4.974281738464123,2.839864422485858,0
5.754837318810212,16.391035820121097,-1.68931086717742,0
0.6626864449942422,5.770926746510858,-4.803977356116364,0
-1.2978991640442117,17.274900688787245,7.910835311763421,0
-6.799124641898798,8.89850332662402,-7.700042750131057,1
-4.432747590101808,14.01854788512088,7.1460077861079245,0
-7.345283519248915,2.006241590528032,4.910473122800563,0
10.393408662448767,13.101045818208034,8.192236563452783,1
-1.1206429225624006,9.487121253481812,7.915686911563023,0
-9.473680578502812,12.318777726684957,-1.2563728683783584,1
10.79602506070193,3.528298362642132,-5.459940130263236,1
-4.741282281635036,15.474348643827824,6.994137108150586,0
-4.313746319464433,18.1187386284078,-9.655623160437244,1
12.362368322854907,4.551535801906288,3.46941193575709,1
6.257081995577542,2.010005665923396,12.144259913263365,1
5.994839669507835,0.4964103069730643,-1.1197726898486613,0
8.578053782280472,13.481401509308586,10.353372491163505,1
-9.324676522638072,12.748974757864396,0.6941217037743505,0
4.645694532436603,11.480645666995471,5.4301852278232685,0
-8.37746238172847,4.870889018435483,3.39606289049642,0
2.6095710983434026,8.209025914015808,13.702705462655306,1
-9.332572902491176,12.484003038909634,0.6503431026627959,0
0.3371789831589447,10.432104036042556,7.80351879553114,0
-3.2944697121965514,20.743495924512633,-10.16133314418117,1
5.368767956979368,2.8652348036913957,4.453856120088354,0
3.5582670820293205,14.59803563499947,-4.098198688552553,0
5.555140332755497,8.490694130190136,-2.066484514349445,0
5.531383852688164,8.99219191343791,-2.107281065608739,0
6.084653815232678,15.0695530788217,-0.8521693462293926,0
5.814742940647839,14.541159177811762,-1.5616812868311813,0
-2.5880844026353933,20.816375867745954,-10.436373176218451,1
6.360620517024137,2.69628007853663,0.918307098353916,0
-0.9244117015999691,2.186302637067493,7.9164367905630835,0
10.879539191487682,15.211115159703564,7.411990102645758,1
-8.904347431330672,12.14612525713459,2.230127987592978,0
0.09241197300322952,5.7573739977559235,-11.003584394650334,1
6.327473718112624,1.6678067487687187,0.3374484237633891,0
6.3353499346058095,1.7988232415250414,1.5603408472210305,0
1.9152769034124117,18.778008367946484,-4.724076605017594,0
6.303123689369828,4.029213819093601,0.1347758507003328,0
3.620246034948816,6.790802804425936,6.382841480000097,0
6.350376709377135,4.759784446766749,0.621055434825871,0
4.116730813717261,7.454922422470683,-3.7198341879090213,0
5.307485396280823,1.4579006976679607,-2.4587712287622003,0
-8.443483067907835,10.900255609073678,3.2715303247417378,0
6.197217295245016,1.419863835436513,2.431184666463908,0
-2.3414894841308933,16.807486664269593,7.801758575032451,0
-9.452080575983594,4.907953720119093,-0.3045286413982938,1
2.4881202893973238,11.340250206694723,-10.939829153647395,1
1.840462087996268,18.481660838790624,-4.737989335030779,0
11.626051323854478,13.668424749991077,-3.8490877884944714,1
-3.798056044455168,11.192113517578042,-9.928552286576206,1
3.819081053300852,6.811008815422888,-3.934127266833933,0
12.025533486567964,6.993040174222156,4.793433828454409,1
9.086475629059194,14.059226059161993,9.836957813173097,1
2.8786845820604134,20.87692658564452,-4.435819118381891,0
3.714610879489123,13.898622986836951,6.309665276970865,0
11.910352039497262,11.713451764770523,-3.11380649800703,1
8.18124932885717,15.343660715024168,-8.454127782831401,1
6.360334493172539,9.76931785795808,1.0804922122372935,0
6.151778701606009,1.2629891946164895,2.617440059947662,0
-2.813325781762314,11.808233133436106,7.7065502820403164,0
-9.180370329219132,20.110130974612986,1.348696145256397,0
-4.643658747395885,3.6813617895108526,-9.461148957065888,1
-2.6949975765604215,14.49010270723398,7.733170070118102,0
-8.51199468746652,4.2196074618401855,3.1370769053511753,0
8.113047707417024,11.252381373934707,-8.509331232961044,1
1.7141187409467542,2.030205442581112,-4.758820768229977,0
4.898000515163805,9.457789661421888,5.128322179987887,0
4.8706054551697875,15.879429906800167,-10.346449452286985,1
10.97636681172663,7.299002009018624,7.24079465698528,1
-9.477147658002412,13.963146214231578,-1.0472610472441655,1
-9.285292180893956,16.704449176584312,-2.89938724802907,1
4.846182907795173,19.470734209068507,-3.043201536902337,0
-7.854713603645933,4.927483718964524,4.246553338966945,0
-9.275946644505803,8.385634231995471,-2.944877920717767,1
5.286449598382087,3.200736279938766,4.584771669164637,0
4.1177383093582085,20.84215354532588,5.9670727862638,0
-3.327807161746933,19.4670203264102,7.568947773420714,0
0.9216905173314157,11.339099735891752,-4.814118146237409,0
0.8202658711117647,17.682699181904848,7.704370777784843,0
6.116850689004572,10.940117522712885,2.7467024510938023,0
0.4287496189786641,13.095299448057954,7.78718461335817,0
5.279614995068135,1.871613074436349,-2.498870540087814,0
11.247086224224748,15.860678830432967,6.72717217854194,1
-6.550429583758062,2.6819831563399315,-7.957597635588222,1
1.2994739595901499,17.347420235303098,-11.036538964982629,1
11.112828312764998,16.422589841078103,-4.91235757781589,1
-9.409081834129964,14.883638652602505,0.138153400213137,1
4.041397810369754,0.7593679910200044,-3.776986793178545,0
-9.182832558382197,6.365695474851901,-3.349091597228599,1
-6.999691256269414,5.5253639681277,-7.478516597112894,1
7.9357061096475086,7.562864556901901,-8.648987784803312,1
-7.021424753542284,1.8404976820406094,5.272571690312763,0
5.517991566387828,19.676114283652318,-2.129950078526359,0
3.3261060227036747,11.629847054959901,6.595719478788178,0
-2.250926026201305,6.416010523818494,7.816721080719111,0
-2.0986011585636564,8.336611858559952,-10.594159206582665,1
-7.928538164937406,9.391253350601549,-6.24369072853969,1
-1.7177714481950899,12.612481000572963,7.883546240598983,0
1.7757621947771782,10.829267981626453,13.897082517611759,1
-5.657980740455833,19.307231437502764,-8.752069053357664,1
5.467596345886018,10.436233141022436,4.287523413885092,0
4.643828785162748,20.835318311289566,-3.2561712991858864,0
6.101026270531604,17.87992411264701,-0.7984563915382773,0
5.157045521430371,4.378720801504052,4.778348490593122,0
6.216870777349126,19.54249950752224,-0.35106651690892626,0
6.357262994178382,2.4436943555949977,1.2065264634263737,0
3.249301522333245,17.16644387831502,6.647735340634008,0
6.333721787883308,7.9930891630081815,0.400896964097652,0
10.880965546171057,18.43746072934646,7.409511150101309,1
3.7522696485130043,18.229190492256457,-3.9781624482769744,0
-9.39928269448583,16.924433402470044,-2.210839438929242,1
-5.698277801144558,16.59063916244829,6.4149022919776755,0
2.3096337394694313,6.3982619210588565,13.778858034155006,1
5.020549459930386,1.6993049440762957,-2.8403737138479896,0
-4.8345245475351,8.46258375406839,6.945094228611644,0
3.9301986714634385,3.644014814716682,13.280072306195013,1
12.282448071995297,14.593972866951695,3.8429300327929803,1
12.267615775652384,7.268094257293496,-1.8949797917810647,1
4.661050373593798,20.48781421805821,5.412762631564513,0
6.317964011368525,13.460413624251972,0.25146911439301334,0
0.20516704372303524,17.27209183632158,-11.012291822990845,1
8.319268392170684,2.783018127578817,10.595870345844878,1
-8.568178740827905,18.102304127725073,-5.077700774146606,1
-7.885333532936944,19.377901000781282,-6.310759910902551,1
3.542702993173322,10.228300295197654,6.4411462041986605,0
9.863509531131024,12.731311692770527,-6.772367608829752,1
6.356188312899827,16.061005818962904,1.2359351036619275,0
0.7053629198541138,3.6716111724686638,7.730882075170341,0
-6.6555297423498905,10.55388760573229,5.637178606619169,0
-9.472086524935046,8.371923583218575,-0.6805635876368952,1
5.288641772356894,3.073853835407231,4.581368059820673,0
5.116981122409376,7.71822286812216,-2.719385724418214,0
-5.275572146119429,1.431618497095365,-9.040669112661442,1
3.0396615852236843,0.5420500459392267,6.782699235943513,0
-7.346592238510195,2.838492072251278,-7.062042857336355,1
6.125803838326218,20.22541734337265,-0.713561863248203,0
-9.10133103756054,11.540120253795356,1.6350207751073955,0
-9.27646879901718,20.28226538421762,-2.9423651628000767,1
2.4404088873659777,9.082455444932771,-4.592697892260291,0
-0.2430338503875521,6.548138794790451,7.881063151152855,0
5.705108578125477,10.628979119645127,-1.7896305786358602,0
2.986208221459089,9.229745461291113,-4.390364984243894,0
1.326759871647156,2.2189583694966224,13.97972676284677,1
0.8005855376123695,13.45735260849433,7.7090434009335755,0
12.044766431983723,4.536801832701592,-2.7072931852657325,1
4.804469257067099,13.011347052854422,5.244252056878782,0
1.5519557246506068,13.65422294036122,-11.026721397771974,1
9.167906799682779,3.1925219157016103,-7.551248228287635,1
-6.4077197784954985,1.2883421693240313,-8.097563793018677,1
-8.830282393652714,16.395993307437237,2.4237872340799504,0
-5.794231809509662,9.655808899155724,6.346807321323864,0
-1.1671836151599189,1.2214397056149915,7.91479636164108,0
8.304854845029565,20.89219266056511,10.609004390415457,1
12.536690338682806,1.2133917809236994,-0.3207352408512391,1
4.469193723870953,14.595739806029616,13.064257984438465,1
5.420947324234546,20.657257430531686,-2.287612408570942,0
6.598758996478043,5.022782188534438,-9.54104405609082,1
7.441814274670177,2.9872367424311195,11.330737201664354,1
6.360061432153842,2.5490837278710066,0.8786686430514992,0
3.131304209842831,6.368778098919506,-4.32445824956017,0
7.550906648129691,2.1219620312235805,-8.933662252339039,1
-7.732944346253507,14.53538817557677,-6.538426988829325,1
12.605922841912465,1.3081277607313164,1.011489264508068,1
5.837047710957593,10.697864691145584,-1.5120542318159336,0
11.430367895636447,20.930633930912514,-4.286298391223336,1
6.256955222089752,17.093375659626396,2.139642645269003,0
6.252292000444386,12.91960820285123,-0.17745893759731426,0
6.25895498437786,6.431326036518845,-0.14164964866813942,0
12.196449804579354,13.101812562124408,-2.1790312419595455,1
-0.1520832672715638,11.067870742144684,-10.980671952790217,1
-9.415230895324965,8.9477510616978,-2.0796064078604144,1
-1.9264309773813308,2.744917911544189,7.861700805597759,0
11.886191697412428,18.6186885200498,5.214776746566942,1
-4.447283022669489,9.445477625247772,7.139203465168395,0
12.25465384691087,4.087072748236066,-1.948906635499373,1
-7.434346566673567,7.722946368423082,4.803450303452078,0
-3.3022756988329682,8.696724803107468,7.576629077018553,0
-8.517559433167646,17.37829580690436,3.125907021351199,0
2.2404705236710076,15.405901991789444,7.212850232266495,0
8.12504525287682,16.155402766468136,-8.499681379864978,1
-9.447311030785606,0.2316565530015915,-0.24227338271777032,1
5.625508622282849,8.739233961774993,3.997080712116204,0
10.702485304943323,10.108227184341796,7.710436849716192,1
-3.8209329856714955,0.4030378132841904,7.4025227596103536,0
-9.018248924478629,5.456077383645718,-3.924717531883153,1
10.229158833921746,15.966086285564835,8.430750664891232,1
-4.124994067560734,2.87930382030898,-9.759771739313429,1
5.186168770032253,11.241512760504424,-2.6282554930198447,0
7.289341253573412,4.519239312361988,11.446093901653468,1
-3.8153968240380465,0.25453626752175873,-9.919959234942034,1
-0.11659877775966629,5.065230609590371,7.867936116731764,0
5.825294165699345,20.49334885311113,-1.538356540800585,0
11.368494751636014,16.83227934954278,-4.415575381929294,1
-4.488161505817871,20.151109530741703,-9.55482961389849,1
-9.259793986442874,10.244934922453611,-3.021021072433204,1
11.054787829233506,2.3044601722275737,7.097591188025756,1
11.081153274904052,11.507149268447552,-4.970192635819929,1
6.0806844059861005,9.541924025759178,-0.8649293337020596,0
1.5474719283154217,17.731498737531936,7.492157541063994,0
5.058695558789132,2.0597341964691362,4.916641922230929,0
7.8038405284521195,10.253063877457341,-8.749303798560504,1
1.5628399078559085,3.1510219585736694,-4.779391876625166,0
-7.9739277658354615,6.81819446469126,-6.171944436660274,1
9.34114036295324,15.484498625143793,-7.369860778140411,1
11.903706261933053,9.996380716744097,5.164381706043628,1
-0.6536326160131585,7.893653988061156,7.909471613565943,0
12.371991022567986,8.28400184997074,-1.41421608718168,1
4.9709840443942594,9.648382136525719,-2.900022670835735,0
12.593137099503426,16.485347420578194,1.565040056527411,1
5.515344411104301,18.733778467744923,-2.1344034081327625,0
-4.794219712831044,20.062028416582493,6.966476764203576,0
11.528225096788715,16.524971111361197,-4.0734171102905465,1
6.04916695985806,6.6235448107082675,-0.9629202498344624,0
5.711666610669882,14.450828827817386,3.8230145131003193,0
5.76258253525148,9.189665605163231,-9.974496466926702,1
5.542949437405315,5.348083062967075,-10.074368623976254,1
-2.5618470910621953,17.658303167944375,-10.44549285171499,1
2.8615706933263896,0.8069533282088249,-10.882768380796248,1
-9.04143338897515,18.937001834843894,-3.8511276387884115,1
4.924564533841918,9.691026757119417,5.0944607099648325,0
-0.9265852094403593,13.381231012973888,7.916455119328267,0
6.360406891416887,13.846432366321437,0.901003391513123,0
10.084351576469965,18.797472554837263,8.632137126031942,1
-7.2160951246360385,13.370063325511353,-7.224051444374922,1
-5.045444541977082,12.892605279961296,6.8285504189778905,0
-8.491582347356099,1.399692851774489,3.177721931527765,0
6.501694140844297,10.886568460849286,11.991097341634305,1
6.109268010412048,3.1535490171578746,-0.7707230180073549,0
-7.038699248607424,15.486109143151197,-7.433882355590177,1
-9.465680654579648,10.756660337066164,-0.5258805068108976,1
-5.208240336526978,14.28478336337542,-9.088687705317046,1
0.8294237370836524,0.8751309126500696,-4.812116218634018,0
12.077316661631887,1.7806323369618675,4.6232125034467995,1
8.058094861714723,15.042791149316328,10.828057456313017,1
-8.20586157669858,1.5137710559721407,-5.782577643516539,1
3.1448914844305826,1.4963912830704307,-10.830823515143841,1
8.944804677781178,0.25427797993263646,9.986549384478273,1
4.245471497083159,20.08652936428908,-10.55622357620543,1
6.095599565121732,15.487675548639146,-0.8164580224438135,0
-7.632830151292967,7.4182795785433475,-6.681029303647379,1
-5.584948535078827,6.22724720704076,-8.809346695022212,1
-6.576360998912177,7.343767824662841,5.710587508477754,0
7.123017400705125,16.267724154804817,-9.222796859997077,1
7.839104416193859,13.888782832478702,11.01366126824385,1
8.670901087488453,3.8891069252168267,10.263167837393436,1
-8.016644953869074,3.6562960420157715,4.0051203381378055,0
5.062227923818517,2.0663086439813436,-2.78890647884554,0
1.9925475156930972,13.866357113728101,13.851720034198548,1
12.601466230848859,16.051825906656454,0.6615102233445256,1
5.431972473651921,5.565974994825084,-2.27025540202716,0
9.089109381151578,0.43984418164916905,9.834132687766555,1
12.151948500445645,1.7256050170049742,4.361567291500404,1
-9.451377149407667,20.32506073174564,-1.6958970276189411,1
-6.708383675989621,6.204340327025825,-7.796114629774182,1
-4.915597591580197,16.153686104600805,6.901228113337202,0
2.5802989196446737,13.11793494593954,-4.547452563012838,0
-0.13827176742609992,8.020732432710814,7.870334020050456,0
11.775931881385096,4.319432506106657,-3.479056606654443,1
0.20756293916522583,2.549114781347535,-4.751513387151533,0
-0.012278130333577969,12.915272328816199,7.855535028376653,0
-4.8566903810695905,16.267309393393546,6.933214936191619,0
-9.176231314219734,13.521989324363744,-3.3750366912318164,1
9.173754696827654,11.136344798232324,9.742455348432136,1
-0.9758140574910307,0.8809756920643615,7.916710339781467,0
-1.0218361371704499,20.338264329482058,7.916672060505986,0
7.220708497912061,16.772998024746066,-9.159203456810806,1
-8.079701578207608,6.149262770720259,3.9062825705817383,0
5.836133385439381,20.579376916535864,3.5465560971897196,0
-8.089723425371034,12.639513382362765,3.890306284581145,0
5.862121051141995,12.230875822352177,-1.454769073035276,0
6.348064884931193,15.709536768020174,0.5831904413468463,0
-9.40828124429088,17.04716554989289,0.14474257881415023,1
-6.252991106162131,13.786050753961556,5.992268188757046,0
9.589400297516788,2.6900106736902005,9.265807297950088,1
-2.198409328508602,7.103617625884466,7.824914289809437,0
-7.385266876036492,19.489756446847043,-7.012696126951326,1
-3.399713032369859,4.71692784872089,-10.115307121466662,1
0.5952838074503367,7.815507500587779,-4.7990219478052465,0
-0.3233747360244934,9.073614541828116,-10.961312404077535,1
6.353687253332356,9.227504783583496,0.6834351676089281,0
4.939763292577388,12.871731232385036,12.85375006425351,1
6.02570206008078,19.80459259263886,-1.0323873275653688,0
-5.976891083939198,5.054546948482604,6.211553898845757,0
3.974383179066735,2.551528902319279,-3.82612825627659,0
0.4155456462941787,4.146880287058684,14.101586136320957,1
-9.44344432031071,18.62542290439466,-0.19538898713337788,1
-6.425576675731334,13.562027065759326,-8.080346322203654,1
3.158136207538667,6.004042574022363,-4.3116821500076155,0
8.327038034267279,17.13488571834096,-8.333244951442019,1
6.142785098099181,18.088769923632157,2.6517338403576725,0
10.800116316341411,17.77680111249584,7.54809379583631,1
6.213662469763483,19.297457206430643,2.3572973724651396,0
6.343469275251719,5.297061423640593,1.4611668614952575,0
1.7077032190487358,15.855880503671845,-4.7597896789655,0
-8.845864487013893,9.67132944275694,2.384122644404532,0
-8.2194927392508,17.681969610691294,-5.758389721156311,1
3.0948079766095775,15.298304220393877,-4.341538582687071,0
10.281176519269378,16.30539637649422,-6.230202572519362,1
-8.127845805797453,13.7793985913025,3.8288382708730224,0
-9.400688808658417,3.7260041588638444,-2.1998483223194216,1
-7.520175814290882,11.445565296835705,4.696958949936758,0
-5.039262121417884,20.678064530014673,6.832079408291822,0
-8.450288439704824,19.6851493964395,-5.322621005925058,1
6.139718419864029,0.9066484517372451,-0.6637633275737953,0
6.360652181293894,3.4611111303181796,0.9212521523503551,0
12.375833679942549,2.7663042425458,3.4005627207942095,1
6.627930774748865,15.245578109691206,11.90919053695403,1
-3.0282075157759594,17.173491926995847,7.653440108425623,0
4.0407618168968185,4.48373869252411,6.036501892983126,0
-2.285893655150158,10.62290655198841,-10.536838075854133,1
-5.586837850973307,17.6547635882352,6.491526837411251,0
1.1734643126394566,15.388832440091262,-4.810594216021187,0
6.15375540768163,11.386981315328814,-0.6117964595218279,0
5.135910620242332,12.397301499634231,-10.245007114140844,1
-0.796352773228494,10.675571485241878,-10.89353161573509,1
1.2548917267454598,6.248517477695232,-4.806652986398369,0
5.90080875493837,11.865461850039338,3.3883162768285673,0
5.659242295121654,14.466591343051904,3.930404004876299,0
0.5437888561483103,18.339781233076963,-11.03143413886033,1
0.9046935354527933,13.36211843356421,-4.813882626666022,0
4.732314095590786,15.983552277906318,-3.165779815709606,0
11.648795452398799,3.3615043340460327,-3.79511107830169,1
6.355101952728943,9.692706962815588,0.71442452174994,0
-1.4213006596238136,0.19596401636895922,-10.771006115040324,1
5.4357840646512186,5.180256154954083,4.342235135317226,0
4.553077858648908,15.2556960173731,-3.344769809628414,0
5.260981294535384,20.828008978336634,4.623997637425458,0
5.76400049004444,2.082740091331534,-9.973833488088022,1
12.494388009695804,8.431380633087054,2.673112173913501,1
12.531629710174728,16.80149034268235,-0.3678306122818142,1
-4.786851129552962,4.284748327206875,6.9703556794747055,0
0.1471715763862878,11.656783935348011,-11.007959285773465,1
6.215737457422344,15.39449721662317,2.347680153753264,0
2.7639735659589637,12.935694455463759,6.945479237566296,0
10.907521073867388,3.9485194269237387,7.3631287450791865,1
0.5909917362138722,7.463075942400528,-4.7986737078761905,0
3.9811875723593992,16.45962747419334,-3.821210126742571,0
6.174523262219336,11.638756796772348,2.527143334031205,0
1.228018672687804,0.10982188440116747,-4.808104753005074,0
6.360262831708734,15.98080596058997,0.8910620920172041,0
-7.237560983971931,0.7415384537450205,-7.197865053924198,1
-6.409767052879723,15.660409437355876,5.859231566186474,0
11.12596880500397,4.252091763469986,6.963818049503383,1
12.277637338490445,20.119543082506983,-1.8525390412837066,1
-0.6337220890094892,7.726755777343774,7.908591909780345,0
4.592197063326607,6.865563943099661,5.489996480720931,0
-3.508333411349308,3.1266490569813383,7.512037851808961,0
-6.774047734232714,6.417688525294513,-7.726842244645597,1
4.1774050157203675,18.40966599839221,5.911847139425269,0
-4.1328597343273845,20.923021090172195,-9.755531689620753,1
-5.6323687139759855,7.734500140643815,6.460535065104502,0
-8.74611576307226,9.420823250045395,-4.671065504479133,1
-7.271813996893997,15.163489702257477,4.996223644840875,0
2.6819342296208535,18.610111389766566,6.990874887802101,0
6.374228229244193,12.453931017922468,12.071809859064638,1
9.428829800048575,8.222039661734415,-7.27504704215887,1
5.8449861421781355,8.665058657821099,-1.4940935848095442,0
12.196831107358891,14.607981076432944,4.193207971405069,1
-9.241101404516531,0.06758353568985231,1.0998331505100312,0
11.01565934312296,13.011376086656654,7.169572475016226,1
11.64607278428623,7.465353219268505,-3.8016108490537444,1
-6.642070321718704,16.67814395681877,5.649788778261538,0
1.0350035260153112,1.9528034362857754,-4.814155382869751,0
4.1464508108624605,12.352247605916201,5.940653962775572,0
-9.07103215430398,10.100430687608599,-3.7540945406191284,1
-3.2872840465292703,13.488836044009776,-10.164426386912833,1
4.661729626308448,1.3619254841423354,5.411989290547006,0
5.827275861697614,12.179659535990757,-1.5339457415832851,0
12.579996152970306,11.791176347149998,0.18934903344241164,1
2.049237789032383,11.77386198273959,13.839264001525384,1
-9.384926812136467,12.67324099852555,-2.317789324679936,1
6.323365052185608,14.205826681753607,0.298956059468629,0
3.9594346053329397,16.904768993296166,6.1077141390699285,0
0.842597962257218,5.666235122692501,-4.81251072795387,0
9.633322908612646,17.326037613781303,9.212675305108075,1
5.214331790052693,10.463369327532526,-2.5900521478433793,0
-7.6200634353813985,1.6182238618209546,-6.698843444827162,1
3.86701851697435,1.2295695141235632,6.186077046417621,0
-8.668072539627119,7.019004692617277,-4.855570463996249,1
-1.5539765438991922,16.482836519340818,-10.740041386557051,1
12.525342175761084,14.86129962955923,-0.4241369340401211,1
6.195976967719815,16.560914258120537,2.436599592166866,0
0.4982071074771647,10.862650185273797,-4.790183685411425,0
5.767611932372831,9.244178957065301,-1.6627467255929453,0
10.673507081448216,3.096503060831963,7.757622363685,1
12.014134689303757,6.892047825795543,4.829807524302896,1
-6.281571272782343,9.11440668965138,-8.216868130284109,1
-6.055635002295398,1.8606090232719619,-8.420825630243376,1
-0.16867482732534694,4.632851006935437,-10.978916330455604,1
6.343816090024142,12.562731175338515,0.5216112933030818,0
9.62426368340491,15.448925399022986,9.223680012609,1
-6.243182216898858,20.96529773925194,6.000380184101793,0
-3.7651150593521847,19.59537995821471,7.423115164570233,0
-9.450840200278352,13.493869190239023,-1.7031245106053141,1
2.2080550082903367,8.846209119175512,-4.658203101576711,0
6.279531834873034,13.359724658872887,-0.02268489299168504,0
7.269699341803061,16.49868397968487,-9.126783370580489,1
3.864338487812386,2.485060009391134,-3.9034816630557088,0
-5.858639201149409,8.608002683622054,-8.589132706762845,1
5.18013972696221,17.635847998347963,4.744814330705405,0
-4.218500026646761,8.060491990593924,7.242399685184392,0
3.0358652199651006,12.009317695770918,6.78505168503611,0
-1.6854184585282406,12.343156578106163,7.886439874749197,0
5.44422593632032,3.8740013158064266,-10.11745869004968,1
2.514496286697621,7.606944274698056,7.0793994980898045,0
-8.14569228043646,7.0247370635805755,-5.88751215567889,1
-8.965708548783129,0.5501308791733607,2.0588210653597803,0
-0.30958816320130256,0.5080270417184601,-10.962971926205038,1
7.594398620350952,17.46563791719124,11.211846011066966,1
6.76053390889731,5.734487009429061,-9.446868591457937,1
6.0527131757251516,10.879654091015125,2.9609773552734033,0
1.450227940060352,6.273237045364234,-4.791629101239969,0
4.460211291930295,19.754264147422152,5.631945018943136,0
-6.447128124610176,5.445231936181249,-8.059455384143996,1
2.4214297762075314,9.022793067517636,-4.598496637917211,0
-9.385024210108094,18.32733526017664,0.3215375823823336,0
-6.3223549608445735,17.68060490262798,-8.17873708989225,1
-0.06747413521418218,3.9081297747718238,7.862273909463519,0
9.964341228985138,16.855509505709918,-6.647251527711336,1
4.825092017047729,9.621924621495745,-3.066462411075096,0
3.52571241331243,10.14234631379246,-4.117240546902809,0
6.341973335248089,2.8030794207348193,-9.68346042044454,1
-9.373815169858307,1.6926317888996176,0.3985646722096891,0
2.2784430975389127,15.286725446449068,-10.966234560555982,1
-7.2000872990658165,10.425684199461294,5.077830216169999,0
5.140050830320549,9.173864754918771,4.80276043199063,0
12.32059033701029,15.319672801700332,-1.6624697234167887,1
11.626299139263617,16.075770878813305,-3.8485035474077374,1
2.940063112417062,3.3370715210564246,-10.869129483290617,1
3.967932750411231,12.814728139030468,6.100373236766253,0
-6.778327662871757,2.842435727831396,-7.722281944594188,1
-2.0900460371576854,15.77887680660996,7.8407027720572895,0
4.236777747369126,13.79605828160993,-3.6243958953725404,0
9.387673687659412,20.088907042752616,9.5028501048956,1
5.765954206479885,1.4481183434848448,-1.6662130637173036,0
6.177958357324169,1.1981491441763406,12.19227486460129,1
-7.786152150639962,5.925928568557203,4.343847018603956,0
